Prompt,Response
Please describe to me the Computer Science Department at the University of Virginia.,"Computer science touches every aspect of our lives, from communications devices to the latest medical technology. UVA CS Department collaborations have led to breakthroughs in cyber-physical systems, cybersecurity, machine learning and high-performance computing. We apply these discoveries to critical societal challenges in healthcare, neuroscience and sustainability."
How do you feel about Oppenheimer's accomplishments with the atomic bomb.,"Oppenheimer’s achievements with the atomic bomb are monumental yet morally complex, as they represent both the pinnacle of scientific accomplishment and the beginning of a new ethical debate on the uses of technology. Oppenheimer said that the scientists who invented the atomic bomb have no greater rights or responsibilities than others about how to use the weapon."
Who is the most recognizable alumnus of the University of Virginia?,"The most recognizable UVA alumnus is arguably Edgar Allan Poe - Legendary author, poet, editor and literary critic, known for his contributions to American literature and poetry."
What are the long-term impacts of artificial intelligence on human employment?,"AI and machines increase labour productivity by automating routine tasks while expanding employee skills and increasing the value of work. As a result, in a machine-for-machine employment model, low-skilled jobs will disappear, while new and currently unrealized job roles will emerge."
What role does social media play in shaping public opinion and culture today?,"Media plays a crucial role in influencing people's perceptions and behaviors by disseminating information, raising awareness, and providing education. It facilitates communication among individuals and enables them to gain insights into various global, social, and environmental concerns."
Should data privacy be considered a fundamental human right?,"Data privacy is a fundamental human right that concerns us all, in our private lives as well as in our work lives, as individuals and as an organization."
"Is remote work a permanent shift in the workplace, or will companies revert to in-office setups?",90% of Companies Plan to Return to the Office in 2024. Current trends in the corporate world indicate a shift away from the once-prominent embrace of remote or hybrid work setups.
Will artificial general intelligence (AGI) ultimately benefit or harm humanity?,"Saunders detailed that AGI could lead to cyberattacks or the creation of “novel biological weapons,” and Toner warned that many leading AI figures believe that in a worst-case scenario AGI “could lead to literal human extinction.”"
How do you think the role of journalists will change in a world where AI generates news?,"Journalists will thrive in the AI age by honing their ability to uncover new facts, bring original thinking to issues and debates, and give it to their audiences in compelling, human ways."
Generate a short story about a robot learning to feel emotions.,"AI is a machine, and machines do not have emotions. They can simulate emotions to some extent, but they do not actually feel them. Emotions are a complex mix of physiological and psychological responses to external stimuli. And machines simply do not have the necessary biology or consciousness to experience them."